Gene,Well,BiologicalUnit,TechnicalReplicate,Group,Log2Measurement
GPX4,Control0t1,Control0,1,Control,6.79
GPX4,Control0t2,Control0,2,Control,6.83
GPX4,Control1t1,Control1,1,Control,7.09
GPX4,Control1t2,Control1,2,Control,7.13
GPX4,Control2t1,Control2,1,Control,7.22
GPX4,Control2t2,Control2,2,Control,7.26
GPX4,Control3t1,Control3,1,Control,6.91
GPX4,Control3t2,Control3,2,Control,6.95
GPX4,Control4t1,Control4,1,Control,7.02
GPX4,Control4t2,Control4,2,Control,7.06
GPX4,Control5t1,Control5,1,Control,6.85
GPX4,Control5t2,Control5,2,Control,6.89
GPX4,Model0t1,Model0,1,Model,4.7615
GPX4,Model0t2,Model0,2,Model,4.8015
GPX4,Model1t1,Model1,1,Model,5.1065
GPX4,Model1t2,Model1,2,Model,5.1465
GPX4,Model2t1,Model2,1,Model,5.256
GPX4,Model2t2,Model2,2,Model,5.296
GPX4,Model3t1,Model3,1,Model,4.8995
GPX4,Model3t2,Model3,2,Model,4.9395
GPX4,Model4t1,Model4,1,Model,5.026
GPX4,Model4t2,Model4,2,Model,5.066
GPX4,Model5t1,Model5,1,Model,4.8305
GPX4,Model5t2,Model5,2,Model,4.8705
GPX4,Treatment0t1,Treatment0,1,Treatment,6.383
GPX4,Treatment0t2,Treatment0,2,Treatment,6.423
GPX4,Treatment1t1,Treatment1,1,Treatment,6.773
GPX4,Treatment1t2,Treatment1,2,Treatment,6.813
GPX4,Treatment2t1,Treatment2,1,Treatment,6.942
GPX4,Treatment2t2,Treatment2,2,Treatment,6.982
GPX4,Treatment3t1,Treatment3,1,Treatment,6.539
GPX4,Treatment3t2,Treatment3,2,Treatment,6.579
GPX4,Treatment4t1,Treatment4,1,Treatment,6.682
GPX4,Treatment4t2,Treatment4,2,Treatment,6.722
GPX4,Treatment5t1,Treatment5,1,Treatment,6.461
GPX4,Treatment5t2,Treatment5,2,Treatment,6.501
NQO1,Control0t1,Control0,1,Control,7.79
NQO1,Control0t2,Control0,2,Control,7.83
NQO1,Control1t1,Control1,1,Control,8.09
NQO1,Control1t2,Control1,2,Control,8.13
NQO1,Control2t1,Control2,1,Control,8.22
NQO1,Control2t2,Control2,2,Control,8.26
NQO1,Control3t1,Control3,1,Control,7.91
NQO1,Control3t2,Control3,2,Control,7.95
NQO1,Control4t1,Control4,1,Control,8.02
NQO1,Control4t2,Control4,2,Control,8.06
NQO1,Control5t1,Control5,1,Control,7.85
NQO1,Control5t2,Control5,2,Control,7.89
NQO1,Model0t1,Model0,1,Model,9.3615
NQO1,Model0t2,Model0,2,Model,9.4015
NQO1,Model1t1,Model1,1,Model,9.7065
NQO1,Model1t2,Model1,2,Model,9.7465
NQO1,Model2t1,Model2,1,Model,9.856
NQO1,Model2t2,Model2,2,Model,9.896
NQO1,Model3t1,Model3,1,Model,9.4995
NQO1,Model3t2,Model3,2,Model,9.5395
NQO1,Model4t1,Model4,1,Model,9.626
NQO1,Model4t2,Model4,2,Model,9.666
NQO1,Model5t1,Model5,1,Model,9.4305
NQO1,Model5t2,Model5,2,Model,9.4705
NQO1,Treatment0t1,Treatment0,1,Treatment,7.933
NQO1,Treatment0t2,Treatment0,2,Treatment,7.973
NQO1,Treatment1t1,Treatment1,1,Treatment,8.323
NQO1,Treatment1t2,Treatment1,2,Treatment,8.363
NQO1,Treatment2t1,Treatment2,1,Treatment,8.492
NQO1,Treatment2t2,Treatment2,2,Treatment,8.532
NQO1,Treatment3t1,Treatment3,1,Treatment,8.089
NQO1,Treatment3t2,Treatment3,2,Treatment,8.129
NQO1,Treatment4t1,Treatment4,1,Treatment,8.232
NQO1,Treatment4t2,Treatment4,2,Treatment,8.272
NQO1,Treatment5t1,Treatment5,1,Treatment,8.011
NQO1,Treatment5t2,Treatment5,2,Treatment,8.051
SIRT5,Control0t1,Control0,1,Control,4.79
SIRT5,Control0t2,Control0,2,Control,4.83
SIRT5,Control1t1,Control1,1,Control,5.09
SIRT5,Control1t2,Control1,2,Control,5.13
SIRT5,Control2t1,Control2,1,Control,5.22
SIRT5,Control2t2,Control2,2,Control,5.26
SIRT5,Control3t1,Control3,1,Control,4.91
SIRT5,Control3t2,Control3,2,Control,4.95
SIRT5,Control4t1,Control4,1,Control,5.02
SIRT5,Control4t2,Control4,2,Control,5.06
SIRT5,Control5t1,Control5,1,Control,4.85
SIRT5,Control5t2,Control5,2,Control,4.89
SIRT5,Model0t1,Model0,1,Model,4.8415
SIRT5,Model0t2,Model0,2,Model,4.8815
SIRT5,Model1t1,Model1,1,Model,5.1865
SIRT5,Model1t2,Model1,2,Model,5.2265
SIRT5,Model2t1,Model2,1,Model,5.336
SIRT5,Model2t2,Model2,2,Model,5.376
SIRT5,Model3t1,Model3,1,Model,4.9795
SIRT5,Model3t2,Model3,2,Model,5.0195
SIRT5,Model4t1,Model4,1,Model,5.106
SIRT5,Model4t2,Model4,2,Model,5.146
SIRT5,Model5t1,Model5,1,Model,4.9105
SIRT5,Model5t2,Model5,2,Model,4.9505
SIRT5,Treatment0t1,Treatment0,1,Treatment,4.773
SIRT5,Treatment0t2,Treatment0,2,Treatment,4.813
SIRT5,Treatment1t1,Treatment1,1,Treatment,5.163
SIRT5,Treatment1t2,Treatment1,2,Treatment,5.203
SIRT5,Treatment2t1,Treatment2,1,Treatment,5.332
SIRT5,Treatment2t2,Treatment2,2,Treatment,5.372
SIRT5,Treatment3t1,Treatment3,1,Treatment,4.929
SIRT5,Treatment3t2,Treatment3,2,Treatment,4.969
SIRT5,Treatment4t1,Treatment4,1,Treatment,5.072
SIRT5,Treatment4t2,Treatment4,2,Treatment,5.112
SIRT5,Treatment5t1,Treatment5,1,Treatment,4.851
SIRT5,Treatment5t2,Treatment5,2,Treatment,4.891
